Link,ID,Date,Name,price,condition,vin,cyliners,drive,fuel,odometer,paint,size,title,transmision,type
https://orangecounty.craigslist.org/cto/d/dana-point-2012-mitsubishi-eclipse/6782285132.html,6782285132,2018-12-28 16:05,2012 mitsubishi eclipse spyder,5000, good,, 4 cylinders, fwd, gas, 117300, brown, compact, clean, automatic, convertible
https://orangecounty.craigslist.org/cto/d/dana-point-1979-corvette-47k-org-miles/6777600031.html,6777600031,2018-12-21 00:54,1979 Chevrolet Corvette,22900, excellent,, 8 cylinders, rwd, gas, 47800, red,, clean, manual,
https://orangecounty.craigslist.org/cto/d/aliso-viejo-hyundai-sonata-gls-2014/6796112403.html,6796112403,2019-01-15 21:47,2014 huyndai sonata GLS,10600, excellent,, 4 cylinders, fwd, gas, 85500, white, full-size, clean, automatic, sedan
https://orangecounty.craigslist.org/cto/d/laguna-niguel-2015-toyota-prius-50k/6796089780.html,6796089780,2019-01-15 20:28,2015 toyota prius,11300,,, 4 cylinders,, hybrid, 50000,,, clean, automatic,
https://orangecounty.craigslist.org/cto/d/laguna-niguel-2005-toyota-tundra-limited/6796042685.html,6796042685,2019-01-15 18:35,2005 toyota tundra limited,9000, excellent, 5tbet38175s478649, 8 cylinders, rwd, gas, 185000,,, clean, automatic,
https://orangecounty.craigslist.org/cto/d/laguna-niguel-2015-lexus-is-350-sport/6786422168.html,6786422168,2019-01-03 17:59,2015 lexus es 350 4dr sdn,31000, like new,, 6 cylinders, rwd, gas, 13770, grey, mid-size, clean, automatic, sedan
https://orangecounty.craigslist.org/cto/d/laguna-niguel-1998-lexus-gs300-low-mls/6796033726.html,6796033726,2019-01-15 18:17,1998 lexus gs 300,3600, excellent,, 6 cylinders, rwd, gas, 135000,,, clean, automatic, hatchback
https://losangeles.craigslist.org/lac/cto/d/laguna-niguel-2014-bmw-328i-low-miles/6786428633.html,6786428633,2019-01-03 18:11,2014 BMW 328i,16990, like new,, 4 cylinders,, gas, 48800, white,, clean, automatic,
https://sandiego.craigslist.org/csd/cto/d/laguna-niguel-2014-bmw-328i-low-miles/6786431352.html,6786431352,2019-01-03 18:16,2014 BMW 328i,16990, like new,, 4 cylinders,, gas, 48800, white,, clean, automatic,
https://orangecounty.craigslist.org/cto/d/laguna-niguel-2016-honda-accord-ex-17k/6783461505.html,6783461505,2018-12-30 13:32,2016 Honda Accord EX W/ Sensing,19499, like new,, 4 cylinders, fwd, gas, 17000, silver, full-size, clean, automatic, sedan
https://orangecounty.craigslist.org/cto/d/dana-point-lincoln-town-car-for-sale/6795949347.html,6795949347,2019-01-15 16:02,2003 lincoln town car cartier,3200, excellent,, 8 cylinders,, gas, 120000,,, clean, automatic,
https://orangecounty.craigslist.org/cto/d/laguna-niguel-2017-toyota-tacoma-trd/6795944981.html,6795944981,2019-01-15 15:56,2017 Toyota Tacoma TRD Pro,43750, excellent,, 6 cylinders, 4wd, gas, 12200, white,, clean, automatic,
https://orangecounty.craigslist.org/cto/d/dana-point-2006-mbz-slk-350/6776061780.html,6776061780,2018-12-18 21:29,2006 mercedes-benz slk350,7500, good,, 6 cylinders, fwd, gas, 107500, white,, clean, automatic, convertible
https://orangecounty.craigslist.org/cto/d/laguna-niguel-2011-chevrolet-camaro-ls/6783953935.html,6783953935,2018-12-31 10:17,2011 Chevrolet Camaro LT Coupe,14500, excellent, 2G1FA1ED8B9151954, 6 cylinders, rwd, gas, 3000, blue,, clean, automatic, coupe
https://orangecounty.craigslist.org/cto/d/laguna-niguel-2006-infinity-g35/6795845723.html,6795845723,2019-01-15 13:56,2006 Infinti G35,5700, good,, 6 cylinders, rwd, gas, 126000, white, mid-size, clean, automatic, coupe
https://orangecounty.craigslist.org/cto/d/dana-point-2011-nissan-maxima-138k/6793422343.html,6793422343,2019-01-12 12:32,2011 nissan maxima 3.5 s,5900, excellent,,,, gas, 138000,,, clean, automatic,
https://orangecounty.craigslist.org/cto/d/aliso-viejo-2006-acura-tl-with/6784390913.html,6784390913,2019-01-01 08:24,2006 Acura TL,7000, excellent, 19UUA66276A011284, 6 cylinders, fwd, gas, 126500, silver, mid-size, clean, automatic, sedan
https://orangecounty.craigslist.org/cto/d/aliso-viejo-vw-jetta/6778906466.html,6778906466,2018-12-22 21:48,2012 vw jetta,6500, excellent, 1, 4 cylinders, fwd, gas, 79, blue,, clean, automatic,
https://orangecounty.craigslist.org/cto/d/dana-point-mini-cooper-convertible/6791290580.html,6791290580,2019-01-09 20:32,2008 MINI Cooper (R52),5800, good, WMWRF33568TG19212, 4 cylinders, fwd, gas, 103000, green, compact, clean, automatic, convertible
https://orangecounty.craigslist.org/cto/d/laguna-niguel-very-clean-2013-bmw-328i/6781187059.html,6781187059,2018-12-27 10:09,2013 bmw 3 series 328i,10500, excellent, WBA3C1C52DF438973, 4 cylinders, rwd, gas, 98400, grey, compact, clean, automatic, sedan
https://orangecounty.craigslist.org/cto/d/laguna-niguel-2013-hyundai-genesis-20t/6795599870.html,6795599870,2019-01-15 09:59,2013 hyundai genesis coupe,8000, like new,,, rwd, gas, 85000, black,, clean, manual, coupe
https://orangecounty.craigslist.org/cto/d/dana-point-f150-lifted-pickup/6795367386.html,6795367386,2019-01-15 05:56,1995 Ford F150,6250, excellent, 3445566677, 6 cylinders, rwd, gas, 89654, green, full-size, clean, manual, truck
https://orangecounty.craigslist.org/cto/d/dana-point-f150-lifted-pickup/6795364986.html,6795364986,2019-01-15 05:52,1995 Ford F150,6250, excellent, 3445566677, 6 cylinders, rwd, gas, 89654, blue, full-size, clean, manual, pickup
https://orangecounty.craigslist.org/cto/d/laguna-niguel-1995-mercedes-sl500/6781941359.html,6781941359,2018-12-28 09:48,1995 Mercedes SL 500,4800, excellent,, 8 cylinders, rwd, gas, 97000, white,, clean, automatic, convertible
https://orangecounty.craigslist.org/cto/d/san-juan-capistrano-2016-honda-pilot/6794864387.html,6794864387,2019-01-14 11:52,2016 Honda Pilot EX L,28200, excellent, 5FNYF5H52GB040820, 6 cylinders, rwd, gas, 47898, white, mid-size, clean, automatic, SUV
https://sandiego.craigslist.org/nsd/cto/d/laguna-niguel-2014-bmw-328i-low-miles/6787796193.html,6787796193,2019-01-05 12:06,2014 BMW 328i,16990, like new,, 4 cylinders,, gas, 48800, white,, clean, automatic,
https://sandiego.craigslist.org/csd/cto/d/dana-point-2013-mazda-speed-3-low-miles/6794847645.html,6794847645,2019-01-14 11:37,2013 mazda 3 hatchback,15999, excellent, JM1BL1L46D1799058,, fwd, gas, 58220, white,, clean, manual, hatchback
https://orangecounty.craigslist.org/cto/d/dana-point-2013-mazda-speed-3-low-miles/6794839566.html,6794839566,2019-01-14 11:30,2013 mazda 3 hatchback,15999, excellent, JM1BL1L46D1799058,, fwd, gas, 58220, white,, clean, manual, hatchback
https://losangeles.craigslist.org/lgb/cto/d/dana-point-2013-mazda-speed-3-low-miles/6794836764.html,6794836764,2019-01-14 11:28,2013 mazda 3 hatchback,15999, excellent, JM1BL1L46D1799058,, fwd, gas, 58220, white,, clean, manual,
https://orangecounty.craigslist.org/cto/d/san-juan-capistrano-lexus-rx400h/6782648628.html,6782648628,2018-12-29 09:12,2007 Lexus RX400H,7495,,,,, hybrid, 143000, silver,, clean, automatic, SUV
https://orangecounty.craigslist.org/cto/d/san-juan-capistrano-toyota-prius/6781984493.html,6781984493,2018-12-28 10:29,2007 Toyota Prius,4895,,,,, hybrid, 150000, green,, clean, automatic,
https://orangecounty.craigslist.org/cto/d/san-juan-capistrano-toyota-prius/6783116514.html,6783116514,2018-12-29 22:59,2007 Toyota Prius,5900,,,,, hybrid, 132000, black,, clean, automatic,
https://orangecounty.craigslist.org/cto/d/san-juan-capistrano-toyota-prius-plug-in/6783115883.html,6783115883,2018-12-29 22:54,2012 Toyota prius plug in,8300,,,,, hybrid, 137000, grey,, clean, automatic,
https://orangecounty.craigslist.org/cto/d/san-juan-capistrano-lexus-rx400h/6782653487.html,6782653487,2018-12-29 09:17,2007 Lexus RX400H,7495,,,,, hybrid, 143000, silver,, clean, automatic,
https://orangecounty.craigslist.org/cto/d/san-juan-capistrano-toyota-prius/6781986480.html,6781986480,2018-12-28 10:30,2007 Toyota Prius,4895,,,,, hybrid, 150000, green,, clean, automatic,
https://orangecounty.craigslist.org/cto/d/aliso-viejo-2013-tdi-passat-se/6788726572.html,6788726572,2019-01-06 18:30,2013 Volkswagen Passat TDI SE,8900, excellent,, 4 cylinders, fwd, diesel, 103000, blue, full-size, clean, automatic, sedan
https://inlandempire.craigslist.org/cto/d/laguna-niguel-2014-bmw-328i-low-miles/6787801996.html,6787801996,2019-01-05 12:11,2014 BMW 328i,16990, like new,, 4 cylinders,, gas, 48800, white,, clean, automatic,
https://orangecounty.craigslist.org/cto/d/laguna-niguel-2014-bmw-328i-low-miles/6787786966.html,6787786966,2019-01-05 11:56,2014 BMW 328i,16990, like new,, 4 cylinders,, gas, 48800,,, clean, automatic,
https://orangecounty.craigslist.org/cto/d/laguna-niguel-fordl-v6-automatic-work/6785146630.html,6785146630,2019-01-02 09:54,cryptocurrency ok,6000, good,, 6 cylinders, rwd, gas, 130500, white, full-size, clean, automatic, truck
https://orangecounty.craigslist.org/cto/d/laguna-niguel-2014-honda-civic-8000-obo/6774830804.html,6774830804,2018-12-17 10:49,2014 Honda Civic,8000, excellent,, 4 cylinders, fwd, gas, 138000, blue, compact, clean, automatic, sedan
https://orangecounty.craigslist.org/cto/d/laguna-niguel-2014-honda-accord-one/6787926545.html,6787926545,2019-01-05 14:33,2014 honda accord,13999, excellent,, 4 cylinders, fwd, gas, 41495, grey,, clean, automatic, sedan
https://sandiego.craigslist.org/nsd/cto/d/dana-point-2014-audi-s8/6794646888.html,6794646888,2019-01-14 08:42,2014 audi s8,49000, excellent,, 8 cylinders, 4wd, gas, 42750, black, full-size, clean, automatic, sedan
https://orangecounty.craigslist.org/cto/d/laguna-niguel-hyundai-sonata-gls-2014/6788150657.html,6788150657,2019-01-05 23:07,2014 hyandai sonata,10600, excellent,, 4 cylinders, fwd, gas, 85500, white, full-size, clean, automatic, sedan
https://orangecounty.craigslist.org/cto/d/laguna-niguel-2013-ford-fusion-hybrid/6794334458.html,6794334458,2019-01-13 18:53,2013 Ford Fusion Hybrid,9600, good, 3FA6P0LU8DR302846, 4 cylinders, fwd, hybrid, 80600, white, mid-size, clean, automatic, sedan
https://orangecounty.craigslist.org/cto/d/laguna-niguel-2011-hyundai-sonata/6794322371.html,6794322371,2019-01-13 18:28,2011 hyundai sonata gls,4800, excellent,, 4 cylinders,, gas, 120,,, clean, automatic,
https://orangecounty.craigslist.org/cto/d/laguna-niguel-2011-vw-jetta-sport/6792448003.html,6792448003,2019-01-11 09:48,2011 jetta vw,4800, excellent,, 5 cylinders,, gas, 150000,,, clean, automatic,
https://orangecounty.craigslist.org/cto/d/laguna-niguel-2018-bmw-530e-hybrid/6794311357.html,6794311357,2019-01-13 18:06,2018 BMW 530e,42999, excellent,, 4 cylinders, fwd, hybrid, 15300, black, full-size, clean, automatic, sedan
https://orangecounty.craigslist.org/cto/d/laguna-niguel-2015-kia-rio-ex/6794273057.html,6794273057,2019-01-13 16:58,2015 Kia Rio EX,11500, excellent, KNADN5A33F652472, 4 cylinders, fwd, gas, 23075, silver, compact, clean, automatic, hatchback
https://orangecounty.craigslist.org/cto/d/laguna-niguel-2007-jeep-commander/6785604671.html,6785604671,2019-01-02 18:27,2007 Jeep Commander sport,5300, like new, 1J8HH48K27C538063, 6 cylinders, rwd, gas, 136000,, mid-size, clean, automatic, SUV
https://orangecounty.craigslist.org/cto/d/laguna-niguel-2005-nissan-pathfinder-le/6785617249.html,6785617249,2019-01-02 18:52,2005 nissan pathfinder le,5500, excellent, 5N1AR18U35C771741, 8 cylinders, rwd, gas, 142000, black, full-size, clean, automatic, SUV
https://orangecounty.craigslist.org/cto/d/laguna-niguel-2010-bmw-528i/6785624378.html,6785624378,2019-01-02 19:07,2010 BMW 528i,9000, like new, WBANU5C55AC129475, 6 cylinders, rwd, gas, 99470, white, mid-size, clean, automatic, sedan
https://losangeles.craigslist.org/wst/cto/d/laguna-niguel-2014-bmw-328i-low-miles/6787808213.html,6787808213,2019-01-05 12:18,2014 BMW 328i,16990, like new,, 4 cylinders,, gas, 48800, white,, clean, automatic,
https://orangecounty.craigslist.org/cto/d/laguna-niguel-2006-bmw-x3/6794019864.html,6794019864,2019-01-13 11:15,2006 2006 BMW X3,4200, good, WBXPA93476WG86838, 6 cylinders, rwd, gas, 169709, black, mid-size, clean, automatic, SUV
https://orangecounty.craigslist.org/cto/d/laguna-niguel-2007-ford-escape-hybrid/6793993366.html,6793993366,2019-01-13 10:43,2007 ford escape xlt HYBRID,4000, good,, 4 cylinders, fwd, gas, 160000, grey,, clean, automatic, SUV
https://orangecounty.craigslist.org/cto/d/laguna-niguel-2004-bmw-m3-e46/6791550467.html,6791550467,2019-01-10 08:47,2004 bmw m3 convertible,31000, like new, WBSBR93464PK06575, 6 cylinders, rwd, gas, 17028, blue,, clean, manual, convertible
https://orangecounty.craigslist.org/cto/d/laguna-niguel-2015-honda-civic-sport/6789436570.html,6789436570,2019-01-07 14:59,2015 Honda Civic Sport,14000, like new,, 4 cylinders, fwd, gas, 35000, black,, clean, automatic,
https://orangecounty.craigslist.org/cto/d/laguna-niguel-2006-bmw-325i-black-on/6772687143.html,6772687143,2018-12-14 10:58,2006 bmw 325i,5000, excellent,, 6 cylinders, rwd, gas, 168500, black,, clean, automatic, sedan
https://orangecounty.craigslist.org/cto/d/laguna-niguel-2010-ford-edge-sel-black/6793280201.html,6793280201,2019-01-12 10:09,2010 ford edge sel,7500, excellent, 2fmdk3jcxaba15431, 6 cylinders, rwd, gas, 103140, black, full-size, clean, automatic,
https://losangeles.craigslist.org/lgb/cto/d/laguna-niguel-2010-ford-edge-sel/6793279804.html,6793279804,2019-01-12 10:08,2010 ford edge sel,7500, excellent, 2fmdk3jcxaba15431, 6 cylinders, rwd, gas, 103140, black, full-size, clean, automatic, SUV
https://orangecounty.craigslist.org/cto/d/laguna-niguel-2005-toyota-tundra-sr5/6793194015.html,6793194015,2019-01-12 08:46,2005 Toyota Tundra,11999,,,,, gas, 167900,,, clean, automatic, truck
https://orangecounty.craigslist.org/cto/d/dana-point-ford-ranger-truck-for-sale/6792909021.html,6792909021,2019-01-11 18:38,2007 Ford Ranger XLT,12000, like new, 1FTYR44E07PA83355, 6 cylinders, rwd, gas, 77770, white, mid-size, clean, automatic, pickup
https://orangecounty.craigslist.org/cto/d/laguna-niguel-2004-nissan-murano-se/6792864571.html,6792864571,2019-01-11 17:16,2004 nissan murano,3950, good,, 6 cylinders, rwd, gas, 151000, brown, mid-size, clean, automatic, SUV
https://orangecounty.craigslist.org/cto/d/laguna-niguel-2007-toyota-matrix-ser/6781057361.html,6781057361,2018-12-27 08:01,2007 Toyota Matrix,5500, excellent, 2T1KR32E47C682731, 4 cylinders, fwd, gas, 91565, blue, mid-size, clean, automatic, hatchback
https://orangecounty.craigslist.org/cto/d/laguna-niguel-2006-nissan-murano/6792632462.html,6792632462,2019-01-11 12:37,2006 2006 Nissan Murano,4500, excellent,,,, gas, 113898, custom, mid-size, salvage, automatic, SUV
https://orangecounty.craigslist.org/cto/d/dana-point-jeep-wrangler/6782543597.html,6782543597,2018-12-29 07:04,2006 Jeep Wrangler,13900, excellent,, 4 cylinders, 4wd, gas, 62000, white, mid-size, clean, manual, SUV
https://orangecounty.craigslist.org/cto/d/dana-point-dodge-viper-srt/6792405380.html,6792405380,2019-01-11 09:11,2003 Dodge Viper SRT-10,35500, excellent,, 10 cylinders, rwd, gas, 53900, red,, clean, manual, convertible
https://orangecounty.craigslist.org/cto/d/dana-point-hyundai-elentramiles/6787142024.html,6787142024,2019-01-04 14:45,2008 Hyundai Elantra,3990, good,, 4 cylinders, fwd, gas, 84124, grey, mid-size, clean, automatic, sedan
https://orangecounty.craigslist.org/cto/d/laguna-niguel-mercedes-350/6792109426.html,6792109426,2019-01-10 20:28,2012 Mercedes Benz E 350,15500, excellent,, 6 cylinders, rwd, gas, 83000, white, mid-size, clean, automatic, sedan
https://orangecounty.craigslist.org/cto/d/dana-point-2008-lexus-rx-350/6792100597.html,6792100597,2019-01-10 20:02,2008 lexus rx 350,10000, like new,, 6 cylinders,, gas, 147,, full-size, clean, automatic, SUV
https://orangecounty.craigslist.org/cto/d/dana-point-1985-mercedes-benz-300d/6773738923.html,6773738923,2018-12-15 17:36,1985 Mercedes Benz 300d,9800, excellent,, 6 cylinders, rwd, diesel, 164000, white, mid-size, clean, automatic, sedan
https://orangecounty.craigslist.org/cto/d/laguna-niguel-volvo-xc-70-awd/6773744846.html,6773744846,2018-12-15 17:49,2004 volvo v70 xc awd,5900, like new, YV1SZ59H341137271, 5 cylinders, rwd, gas, 117000, blue, full-size, clean, automatic, wagon
https://orangecounty.craigslist.org/cto/d/laguna-niguel-2014-explorer-sport/6791731141.html,6791731141,2019-01-10 11:34,2014 ford explorer sport,25750, excellent, 1FM5K8GT1EGA90591, 6 cylinders, 4wd, gas, 48500, white, full-size, clean, automatic, SUV
https://orangecounty.craigslist.org/cto/d/dana-point-2010-cts-built-motor/6791729541.html,6791729541,2019-01-10 11:33,2010 cadillac cts-v,28000, good,, 8 cylinders, rwd, gas, 98700, black,, clean, automatic,
https://orangecounty.craigslist.org/cto/d/san-juan-capistrano-hummer-h2/6777896128.html,6777896128,2018-12-21 10:27,2005 Hummer H2,15500,,,,, gas, 167500,,, clean, automatic,
https://orangecounty.craigslist.org/cto/d/laguna-niguel-toyota-scion-tc-2007/6791550653.html,6791550653,2019-01-10 08:47,2007 Toyota Scion tC,5695, excellent, JTKDE177270189975, 4 cylinders, fwd, gas, 92000, grey, compact, clean, manual, coupe
https://orangecounty.craigslist.org/cto/d/laguna-niguel-2007-suburban-ltz/6791320026.html,6791320026,2019-01-09 22:26,2007 Chevrolet Suburban,5500, fair, 3GNFK16347G110414, 8 cylinders, 4wd, gas, 151637, black,, clean, automatic, SUV
https://orangecounty.craigslist.org/cto/d/san-juan-capistrano-1995-mercedes-benz/6791299051.html,6791299051,2019-01-09 20:59,1995 Mercedes Benz SL 500,8000, excellent,,,, gas, 122000,,, clean, automatic, convertible
https://orangecounty.craigslist.org/cto/d/dana-point-1994-dodge-ram-2500-pickup/6791240378.html,6791240378,2019-01-09 18:31,1994 Dodge Ram 2500,5500, fair, 1B7KC26C8RS631304, 6 cylinders, rwd, diesel, 112094, grey,, clean, manual, pickup
https://orangecounty.craigslist.org/cto/d/laguna-niguel-1968-porsche-912/6791061988.html,6791061988,2019-01-09 14:12,1968 Porsche 912,45000, good,, 4 cylinders, rwd, gas, 112000, green, compact, clean, manual, coupe
https://orangecounty.craigslist.org/cto/d/laguna-niguel-2013-bmw-3-series-328i/6770567712.html,6770567712,2018-12-11 16:38,2013 bmw 3 series 328i,10500, excellent,, 4 cylinders, rwd, gas, 98400, grey, compact, clean, automatic, sedan
https://orangecounty.craigslist.org/cto/d/dana-point-2003-ford-expedition/6781865392.html,6781865392,2018-12-28 08:38,2003 ford,3000, good,, 8 cylinders, fwd, gas, 147000, black, full-size, clean, automatic, SUV
https://orangecounty.craigslist.org/cto/d/laguna-niguel-2013-audi-a4-20t-quattro/6790715165.html,6790715165,2019-01-09 08:34,2013 Audi A4 2.0T Quattro Tiptronic,13599, excellent, WAUBFAFL4DN022572, 4 cylinders, 4wd, gas, 74553, white, mid-size, clean, automatic, sedan
https://orangecounty.craigslist.org/cto/d/aliso-viejo-2012-lexus-es350/6790475074.html,6790475074,2019-01-08 21:02,2012 Lexus ES350,18995, like new,, 6 cylinders, fwd, gas, 33800, black, mid-size, clean, automatic, sedan
https://orangecounty.craigslist.org/cto/d/kia-soul/6790455632.html,6790455632,2019-01-08 20:05,2015 Kia Soul,8250,,, 4 cylinders, fwd, gas, 49000,,, clean, manual,
https://inlandempire.craigslist.org/cto/d/kia-soul/6790455522.html,6790455522,2019-01-08 20:05,2015 Kia Soul,8250,,, 4 cylinders, fwd, gas, 49000,,, clean, manual, other
https://losangeles.craigslist.org/lgb/cto/d/kia-soul/6790455404.html,6790455404,2019-01-08 20:04,2015 Kia Soul,8250,,, 4 cylinders, fwd, gas, 49000,,, clean, manual,
https://orangecounty.craigslist.org/cto/d/laguna-niguel-2003-mini-cooper/6790427663.html,6790427663,2019-01-08 18:58,2003 mini cooper s,3800, good,, 4 cylinders, fwd, gas, 145000, grey, compact, clean, manual, coupe
https://orangecounty.craigslist.org/cto/d/laguna-niguel-2003-bmw-325i/6790415609.html,6790415609,2019-01-08 18:33,2003 bmw 325i,3200, excellent, WBAET37483NJ35982, 6 cylinders, rwd, gas, 140000, grey, mid-size, clean, automatic, sedan
https://orangecounty.craigslist.org/cto/d/dana-point-1957-ford-custom/6790317641.html,6790317641,2019-01-08 15:54,1957 Ford 2D,30500, excellent, B7KG168957, 8 cylinders, rwd, gas, 6225, red, full-size, clean, automatic, coupe
https://orangecounty.craigslist.org/cto/d/dana-point-2013-lexus-is250/6790182067.html,6790182067,2019-01-08 13:15,2013 lexus is 250,9500, salvage, JTHBF5C22D5193292,, fwd, gas, 92000, black,, salvage, automatic, sedan
https://orangecounty.craigslist.org/cto/d/aliso-viejo-2013-bmw-x6-great-condition/6785678185.html,6785678185,2019-01-02 21:37,2013 BMW X6 XDrive 35i,21000, excellent, 5UXFG2C58DL786593, 6 cylinders, 4wd, gas, 82500, black, full-size, clean, automatic, SUV
https://orangecounty.craigslist.org/cto/d/laguna-niguel-2013-bmw-535i-with-60k/6771135474.html,6771135474,2018-12-12 11:40,2013 BMW 535i,13900, excellent,, 6 cylinders, rwd, gas, 60000, black,, salvage, automatic, sedan
https://orangecounty.craigslist.org/cto/d/laguna-niguel-jaguar-xk-convertible-2007/6789642046.html,6789642046,2019-01-07 20:56,2007 jaguar xk convertible,16400, excellent, SAJDA44B275B04556, 8 cylinders, rwd, gas, 77000, black,, clean, automatic, convertible
https://orangecounty.craigslist.org/cto/d/dana-point-2004-acura-tsx-6-speed/6789520074.html,6789520074,2019-01-07 16:49,2004 acura tsx,4500, good,, 4 cylinders, fwd, gas, 172000, black, mid-size, clean, manual, sedan
https://orangecounty.craigslist.org/cto/d/san-juan-capistrano-2006-mini-cooper/6789515588.html,6789515588,2019-01-07 16:43,2006 S Hatchback SD,5499, excellent,, 4 cylinders, fwd, gas, 85000, grey, compact, clean, automatic, hatchback
https://orangecounty.craigslist.org/cto/d/dana-point-2014-audi-s8/6789490623.html,6789490623,2019-01-07 16:08,2014 Audi S8,49000, good,, 8 cylinders, 4wd, gas, 42750, black, full-size, clean, automatic, sedan
https://orangecounty.craigslist.org/cto/d/dana-point-2000-jeep-wrangler/6789470288.html,6789470288,2019-01-07 15:41,2000 jeep wrangler,12500, excellent,, 4 cylinders, 4wd, gas, 54000, yellow, compact, clean, manual, SUV
https://orangecounty.craigslist.org/cto/d/dana-point-2015-jeep-grand-cherokee/6786988120.html,6786988120,2019-01-04 12:09,2015 jeep grand cherokee laredo 2wd,18500, excellent,, 6 cylinders, rwd, gas, 50500, grey,, clean, automatic, SUV
https://losangeles.craigslist.org/lac/cto/d/san-juan-capistrano-ford-2008-taurus/6772004950.html,6772004950,2018-12-13 13:00,2008 ford tauras,3000, excellent, 1fmdk02w58ga18313, 6 cylinders, fwd, gas, 140000, custom, full-size, salvage, automatic,
https://orangecounty.craigslist.org/cto/d/dana-point-2009-toyota-corolla/6779357504.html,6779357504,2018-12-23 19:31,2009 toyota corolla,6490, like new,, 4 cylinders, fwd, gas, 83000,, compact, clean, automatic, sedan
https://orangecounty.craigslist.org/cto/d/dana-point-jeep-jk-wrangler-unlimited/6783925243.html,6783925243,2018-12-31 09:44,2008 jeep wrangler unlimited,24000, excellent,, 6 cylinders, 4wd, gas, 165000, green, full-size, clean, automatic, offroad
https://orangecounty.craigslist.org/cto/d/dana-point-jeep-jk-wrangler-unlimited/6783923693.html,6783923693,2018-12-31 09:42,2008 jeep wrangler unlimited,24000, excellent,, 6 cylinders, 4wd, gas, 165000, green, full-size, clean, automatic, offroad
https://orangecounty.craigslist.org/cto/d/laguna-niguel-rare-1970-datsun-240z/6788346004.html,6788346004,2019-01-06 09:41,1970 Datsun 240 Z,24000, good, HLS3017584, 6 cylinders, rwd, gas, 136000, white, sub-compact, clean, manual, coupe
https://orangecounty.craigslist.org/cto/d/laguna-niguel-porsche-boxster/6788166268.html,6788166268,2019-01-06 01:33,2002 Porsche,5995, good, WPOCA29872U624288, 6 cylinders, rwd, gas, 175500, grey,, clean, manual, convertible
https://orangecounty.craigslist.org/cto/d/laguna-niguel-hyundai-sonata-gls-2014/6781622956.html,6781622956,2018-12-27 20:14,2014 hyundai sonata,10600, excellent,, 4 cylinders,, gas, 85226, white, full-size, clean, automatic, sedan
https://orangecounty.craigslist.org/cto/d/laguna-niguel-2012-volvo-s60/6787967467.html,6787967467,2019-01-05 15:30,2012 VOLVO S60,7500, excellent, YV1622FS3C2118345, 5 cylinders, rwd, gas, 122837, white, mid-size, clean, automatic, sedan
https://orangecounty.craigslist.org/cto/d/laguna-niguel-2011-maxima/6787810897.html,6787810897,2019-01-05 12:21,2011 nissan maxima 3.5 sv,9000, like new, 1N4AA5AP6BC804255, 6 cylinders, rwd, gas, 110503, white, full-size, clean, automatic, sedan
https://orangecounty.craigslist.org/cto/d/laguna-niguel-bmw-330ci/6787731141.html,6787731141,2019-01-05 11:01,2001 bmw 330ci,6700,,,,, gas, 116000,,, clean, automatic,
https://sandiego.craigslist.org/nsd/cto/d/laguna-niguel-2010-bmw-328i/6777437979.html,6777437979,2018-12-20 16:19,2010 bmw 3 series 328i,7200, like new,, 6 cylinders, rwd, gas, 128000, white, mid-size, clean, automatic,
https://losangeles.craigslist.org/lgb/cto/d/laguna-niguel-2010-bmw-328i/6776615995.html,6776615995,2018-12-19 14:24,2010 bmw 3 series 328i,7200, like new,, 6 cylinders, rwd, gas, 128000, white,, clean, automatic,
https://orangecounty.craigslist.org/cto/d/san-juan-capistrano-2010-ford-edge/6772025563.html,6772025563,2018-12-13 13:23,2010 Ford Edge SEL,7500, good, 2FMDK3JCXABA15431, 6 cylinders, fwd, gas, 103341, black, mid-size, clean, automatic, SUV
https://orangecounty.craigslist.org/cto/d/dana-point-2013-chevrolet-avalanche/6786821299.html,6786821299,2019-01-04 09:39,2013 Chevrolet 1500 Avalanche,28500, excellent,, 8 cylinders, rwd, gas, 56300, black, full-size, clean, automatic, truck
https://orangecounty.craigslist.org/cto/d/laguna-niguel-mitsubishi-evo/6786765523.html,6786765523,2019-01-04 08:51,2004 Mitsubishi Evo,20000, good,, 4 cylinders, 4wd, gas, 94000, blue,, lien, manual,
https://orangecounty.craigslist.org/cto/d/laguna-niguel/6786484634.html,6786484634,2019-01-03 20:13,2008 Bmw 535,6800, good,, 6 cylinders, rwd, gas, 160, black,, clean, automatic, sedan
https://orangecounty.craigslist.org/cto/d/laguna-niguel-2017-acura-mdx-sh-awd/6764927518.html,6764927518,2018-12-04 15:25,2017 acura mdx sh-awd w/tech,42500, like new,, 6 cylinders, 4wd, gas, 5500, blue, full-size, clean, automatic, SUV
https://orangecounty.craigslist.org/cto/d/laguna-niguel-2008-honda-odyssey/6786137341.html,6786137341,2019-01-03 12:08,2008 Honda Odyssey Touring,8999, excellent,, 6 cylinders,, gas, 144800,,, clean, automatic,
https://orangecounty.craigslist.org/cto/d/dana-point-2007-mercedes-benz-s550/6781237518.html,6781237518,2018-12-27 10:58,2007 Mercedes Benz S550,7900, good,, 8 cylinders, rwd, gas, 133000, black,, clean, automatic,
https://orangecounty.craigslist.org/cto/d/dana-point-2000-nissan-frontier-crew-cab/6775625370.html,6775625370,2018-12-18 10:30,2000 nissan frontier crew cab,4200, good,, 6 cylinders, rwd, gas, 122000, red,, salvage, automatic, truck
https://orangecounty.craigslist.org/cto/d/laguna-niguel-2003-mercedes-benz-cl55/6786115613.html,6786115613,2019-01-03 11:47,2003 Mercedes Benz CL55 AMG,12150, excellent, WDBPJ74J03A034184, 8 cylinders, rwd, gas, 120089, silver, full-size, clean, automatic, coupe
https://orangecounty.craigslist.org/cto/d/aliso-viejo-1997-mercedes-benz-e420/6786111271.html,6786111271,2019-01-03 11:43,1997 mercedes benz e420,4700, excellent,, 8 cylinders, rwd, gas, 110000, silver, full-size, clean, automatic, sedan
https://orangecounty.craigslist.org/cto/d/san-juan-capistrano-2001-gmc-yukon/6785801926.html,6785801926,2019-01-03 06:45,2001 GMC Yukon SLE,3250, good,, 8 cylinders, fwd, gas, 154320, green, full-size, clean, automatic, SUV
https://orangecounty.craigslist.org/cto/d/laguna-niguel-2004-nissan-xterra-grey/6785698942.html,6785698942,2019-01-02 23:17,2004 nissan xterra,3200, fair,, 6 cylinders, rwd, gas, 170000, grey, full-size, clean, automatic, SUV
https://orangecounty.craigslist.org/cto/d/laguna-niguel-2004-dodge-ram-3500/6764278543.html,6764278543,2018-12-03 22:26,2003 dodge ram 3500 slt,22000, good,, 6 cylinders, 4wd, diesel, 198000, silver, full-size, clean, automatic, truck
https://orangecounty.craigslist.org/cto/d/dana-point-300zx-turbo/6785632361.html,6785632361,2019-01-02 19:25,1987 nissan 300zx,6000, good,, 6 cylinders, rwd, gas, 186484, black, compact, clean, manual, hatchback
https://orangecounty.craigslist.org/cto/d/dana-point-300zx-turbo/6785632028.html,6785632028,2019-01-02 19:24,1987 nissan 300zx,6000, good,, 6 cylinders, rwd, gas, 186484, black, compact, clean, manual, hatchback
https://orangecounty.craigslist.org/cto/d/laguna-niguel-2006-chevy-2500-duramax/6771535633.html,6771535633,2018-12-13 00:22,2006 chevy 2500hd,23000, excellent,,, rwd, diesel, 130000,,, clean, automatic,
https://orangecounty.craigslist.org/cto/d/2005-audi-a4-quattro-32l-awd/6785543366.html,6785543366,2019-01-02 16:45,2005 2005 Audi A4 Quattro,3400, excellent, WAUDG68E15A44929, 6 cylinders, 4wd, gas, 94000, red, compact, clean, automatic, sedan
https://orangecounty.craigslist.org/cto/d/laguna-niguel-2018-chevy-tahoe-z71-4x4/6770566570.html,6770566570,2018-12-11 16:37,2018 Chevrolet Tahoe,49900, like new, 1GNSKBKC1JR236571, 8 cylinders, 4wd, gas, 11500, white, full-size, clean, automatic, SUV
https://orangecounty.craigslist.org/cto/d/laguna-niguel-2003-chevrolet-s10-low/6785353000.html,6785353000,2019-01-02 12:59,2003 Chevrolet s10,5500, excellent, 1Gccs19x138253492, 6 cylinders,, gas, 61950, white,, clean, automatic, pickup
https://orangecounty.craigslist.org/cto/d/laguna-niguel-meyers-towd/6785233286.html,6785233286,2019-01-02 11:08,1969 Meyers Tow'd,13999, like new, TF495G943R, 4 cylinders, rwd, gas, 8, red,, clean, manual, offroad
https://orangecounty.craigslist.org/cto/d/dana-point-2013-bmw-528i-under-warranty/6785213285.html,6785213285,2019-01-02 10:51,2013 bmw 528i,16500,,,,, gas, 56000,,, clean, automatic,
https://orangecounty.craigslist.org/cto/d/dana-point-toyota-truck-pre-runner/6784810718.html,6784810718,2019-01-01 20:11,2012 Toyota pick up pre runer,14500, excellent,, 4 cylinders, rwd, gas, 148000, white, mid-size, clean, automatic,
https://orangecounty.craigslist.org/cto/d/laguna-niguel-2007-bmw-335i-turbo/6768725734.html,6768725734,2018-12-09 12:43,2007 BMW 335i,8999,,,,, gas, 69380,,, clean, automatic,
https://orangecounty.craigslist.org/cto/d/laguna-niguel-toyota-highlander/6784727965.html,6784727965,2019-01-01 17:04,2015 toyota highlander hybrid,39995, excellent,, 6 cylinders,, hybrid, 46000, brown, full-size, clean, automatic, SUV
https://orangecounty.craigslist.org/cto/d/dana-point-1999-porsche-carrera-4/6784471321.html,6784471321,2019-01-01 10:26,1999 porsche 911 carrera 4,18999, like new,, 6 cylinders, 4wd, gas, 23396, blue, compact, clean, manual, convertible
https://orangecounty.craigslist.org/cto/d/laguna-niguel-2018-chevy-colorado-z71/6784169053.html,6784169053,2018-12-31 15:22,2018 chevrolet colorado crew cab,31550, excellent,, 6 cylinders, 4wd, gas, 4060, grey, full-size, clean, automatic, truck
https://orangecounty.craigslist.org/cto/d/dana-point-scion-xb-04/6783686830.html,6783686830,2018-12-30 22:08,2004 Scion XB,3300, excellent,,,, gas, 175, white,, clean, automatic,
https://orangecounty.craigslist.org/cto/d/laguna-niguel-high-performance-series/6770266609.html,6770266609,2018-12-11 10:58,2013 BMW 5 series 535i - M Series,22444, excellent, WBAFR7C55DC828501, 6 cylinders, rwd, gas, 54728, white, mid-size, clean, other, sedan
https://orangecounty.craigslist.org/cto/d/laguna-niguel-2012-mini-countryman/6783029365.html,6783029365,2018-12-29 17:46,2012 cooper countryman mini,12499, excellent, WMWZB3C52CWM05916, 4 cylinders, rwd, gas, 45300, white, sub-compact, clean, automatic, hatchback
https://orangecounty.craigslist.org/cto/d/laguna-niguel-2007-toyota-prius-hybrid/6782974802.html,6782974802,2018-12-29 15:56,2007 Toyota Prius,8000, like new,,,, gas, 90000, white,, clean, automatic, hatchback
https://orangecounty.craigslist.org/cto/d/laguna-niguel-2007-audi-a4-20t/6782965674.html,6782965674,2018-12-29 15:40,2007 audi a4 2.0t,4200,,,,, gas, 130000,,, clean, automatic,
https://orangecounty.craigslist.org/cto/d/toyota-camry-le-2015/6769734987.html,6769734987,2018-12-10 16:48,2015 Camry LE,12499, excellent, 4T4BF1FK2FR471849, 4 cylinders, fwd, gas, 78300, blue, full-size, clean, automatic, sedan
https://orangecounty.craigslist.org/cto/d/laguna-niguel-2006-scion-xb-clean-title/6761135763.html,6761135763,2018-11-30 00:45,2006 Scion XB,4000, good, JTLKT324964115624, 4 cylinders, fwd, gas, 135245, black, compact, clean, automatic, wagon
https://orangecounty.craigslist.org/cto/d/laguna-niguel-2009-white-toyota-camry/6781334521.html,6781334521,2018-12-27 12:36,2009 toyota camry le,5500, like new,, 6 cylinders, fwd, gas, 130000, white, full-size, clean, automatic, sedan
https://orangecounty.craigslist.org/cto/d/laguna-niguel-ford-f150-supercrew-cab/6768786106.html,6768786106,2018-12-09 14:06,2007 Ford F150 XLT,8900, good,, 8 cylinders, rwd, gas, 137000, blue, full-size, clean, automatic, truck
https://orangecounty.craigslist.org/cto/d/laguna-niguel-2011-hyundai-sonata/6780868395.html,6780868395,2018-12-26 20:59,2011 hyundai sonata,8000, good, 5NPEC4AC0BH282384, 4 cylinders, fwd, gas, 96000, black, full-size, parts only, automatic, sedan
https://orangecounty.craigslist.org/cto/d/laguna-niguel-hyundai-2012/6780858650.html,6780858650,2018-12-26 20:26,2012 Hyundai Genesis,13500, excellent,,,, gas, 35000, silver,, clean, automatic,
https://orangecounty.craigslist.org/cto/d/laguna-niguel-2002-mountaineer/6780786767.html,6780786767,2018-12-26 17:30,2002 Mountaineer,3000,,,,, gas, 145000,,, clean, automatic, SUV
https://orangecounty.craigslist.org/cto/d/dana-point-1999-toyota-tacoma/6774227569.html,6774227569,2018-12-16 13:56,1999 Toyota Tacoma,8000, good,, 4 cylinders, 4wd, gas, 170090,,, clean, automatic,
https://orangecounty.craigslist.org/cto/d/dana-point-2004-infinity-fx45/6780615933.html,6780615933,2018-12-26 13:26,2004 infinity fx45,4000,,,,, gas, 145000,,, clean, automatic,
https://orangecounty.craigslist.org/cto/d/laguna-niguel-2015-mk7-vw-golf-tdi-se/6760063850.html,6760063850,2018-11-28 15:08,2015 VW Golf TDI SE,13800, excellent,, 4 cylinders, fwd, diesel, 65000, grey, compact, clean, automatic, hatchback
https://orangecounty.craigslist.org/cto/d/laguna-niguel-2011-land-rover-lr4-hse/6759989643.html,6759989643,2018-11-28 13:46,2011 land rover lr4 hse lux,19900, excellent,, 8 cylinders, 4wd, gas, 93000, black, full-size, clean, automatic, SUV
https://orangecounty.craigslist.org/cto/d/laguna-niguel-sonata-20/6779358048.html,6779358048,2018-12-23 19:33,2013 SONATA,9500, like new, 5NPEC4AB0DH662464, 4 cylinders, fwd, gas, 89365, blue, mid-size, clean, automatic, sedan
https://orangecounty.craigslist.org/cto/d/laguna-niguel-s-2011-subaru-wrx-sedan/6779332503.html,6779332503,2018-12-23 18:03,2011 subaru impreza wrx premium,20000, excellent, JF1GV7F69BG523201, 4 cylinders, 4wd, gas, 58000, blue, mid-size, clean, manual, sedan
https://orangecounty.craigslist.org/cto/d/laguna-niguel-2008-gs350-nav/6779329980.html,6779329980,2018-12-23 17:56,2008 GS350,9500, excellent, JTHBE96SX80039924, 6 cylinders, rwd, gas, 129000, grey, full-size, clean, automatic, sedan
https://losangeles.craigslist.org/lgb/cto/d/laguna-niguel-2012-audi-a4-quattro/6778808911.html,6778808911,2018-12-22 16:29,2012 audi a4 2.0t premium,6000, good,,, 4wd, gas, 162000,,, clean, automatic,
https://orangecounty.craigslist.org/cto/d/laguna-niguel-2012-audi-a4-quattro/6778806507.html,6778806507,2018-12-22 16:24,2012 audi a4 2.0t quattro,6000, good,,, rwd, gas, 162000, grey,, clean, automatic, sedan
https://orangecounty.craigslist.org/cto/d/laguna-niguel-toyota-prius-2017/6778763863.html,6778763863,2018-12-22 14:57,2017 toyota prius hybrid,19900, like new, jTDKARFU0H3036110, 4 cylinders, fwd, gas, 48250, black, full-size, clean, automatic, hatchback
https://orangecounty.craigslist.org/cto/d/dana-point-1982-jeep-cj7-4x4-original/6755318304.html,6755318304,2018-11-22 18:52,1982 Jeep cj,9000,,,,, gas, 87819,,, clean, manual,
https://orangecounty.craigslist.org/cto/d/laguna-niguel-2014-mercedes-cla-250-no/6774152139.html,6774152139,2018-12-16 12:13,2014 CLA-250,20899, excellent,, 4 cylinders,, gas, 42000, black,, clean, automatic, sedan
https://orangecounty.craigslist.org/cto/d/laguna-niguel-bmw-528i-series-2012/6778282978.html,6778282978,2018-12-21 21:24,2012 bmw 5 series 528i,11995, excellent, WBAXG5C57CDY28975, 4 cylinders, rwd, gas, 79000, black, mid-size, clean, automatic, sedan
https://orangecounty.craigslist.org/cto/d/laguna-niguel-2005-toyota-prius-clean/6778111288.html,6778111288,2018-12-21 14:45,2005 toyota prius,4950, good, JTDKB20UX53054932,, fwd, hybrid, 119303, silver,, clean, automatic,
https://orangecounty.craigslist.org/cto/d/aliso-viejo-2012-lexus-es350-price/6778041986.html,6778041986,2018-12-21 13:14,2012 Lexus ES350,19750, like new,, 6 cylinders, fwd, gas, 33500, black, full-size, clean, automatic, sedan
https://orangecounty.craigslist.org/cto/d/dana-point-bmw-x3/6777983691.html,6777983691,2018-12-21 12:02,2004 BMW,7500, excellent,, 4 cylinders, 4wd, gas, 95000, grey, mid-size, clean, automatic, SUV
https://orangecounty.craigslist.org/cto/d/laguna-niguel-hyundai-sonata-2014/6777581039.html,6777581039,2018-12-20 22:33,2014 hundai sonata,10600, excellent,, 4 cylinders,, gas, 85222, white,, clean, automatic, sedan
https://orangecounty.craigslist.org/cto/d/laguna-niguel-2003-tacoma-extra-cab-off/6777190233.html,6777190233,2018-12-20 11:02,2003 toyota tacoma v6,9250, excellent,, 6 cylinders,, gas, 127000,,, clean, automatic,
https://orangecounty.craigslist.org/cto/d/laguna-niguel-convertible-driving-fun/6776520789.html,6776520789,2018-12-19 12:31,2002 Porsche Boxster,6000, excellent, WPOCA29872U624288, 6 cylinders, rwd, gas, 177350, grey,, clean, manual, convertible
https://losangeles.craigslist.org/wst/cto/d/laguna-niguel-2010-bmw-328i/6758900947.html,6758900947,2018-11-27 10:33,2010 bmw 3 series 328i,7200, like new,, 6 cylinders, rwd, gas, 127000, white, mid-size, clean, automatic, sedan
https://orangecounty.craigslist.org/cto/d/laguna-niguel-1999-mazda-miata/6775828226.html,6775828226,2018-12-18 14:07,1999 Mazda Miata,3400,, JM1NB3539X0111807, 4 cylinders, rwd, gas, 114000, black,, clean, automatic, convertible
https://orangecounty.craigslist.org/cto/d/2006-bmw-525/6766317311.html,6766317311,2018-12-06 10:21,2006 bmw 525i,8700, excellent, WBANE53516CK90250, 6 cylinders, rwd, gas, 82000, white, full-size, clean, automatic, sedan
https://orangecounty.craigslist.org/cto/d/2007-minni-cooper-6-speed-sport/6766317673.html,6766317673,2018-12-06 10:21,2007 mini cooper,5900, excellent, WMWMF735X7TL87775, 6 cylinders,, gas, 124000, grey,, clean, manual,
https://orangecounty.craigslist.org/cto/d/san-juan-capistrano-1999-plymouth/6775387621.html,6775387621,2018-12-18 06:21,1999 PLYMOUH PROWLER,24990, excellent, 1P3EW65GXXV501312, 6 cylinders, rwd, gas, 35300, purple, compact, clean, other, convertible
https://orangecounty.craigslist.org/cto/d/aliso-viejo-great-black-lexus-for-sale/6775051075.html,6775051075,2018-12-17 14:39,2008 lexus rx 350,12500, excellent, 2T2GK31U78C056851, 6 cylinders, 4wd, gas, 95782, black, full-size, clean, automatic, SUV
https://orangecounty.craigslist.org/cto/d/laguna-niguel-1995-m3-2dr-5speed-blk/6775007954.html,6775007954,2018-12-17 13:49,1995 Bmw M3,7000, good,,, rwd, gas, 200, black,, clean, manual,
https://orangecounty.craigslist.org/cto/d/laguna-niguel-2006-subaru-impreza-wagon/6774988711.html,6774988711,2018-12-17 13:28,2006 subaru impreza wagon,7000,,, 4 cylinders,, gas, 109000, silver,, salvage, automatic,
https://orangecounty.craigslist.org/cto/d/2006-bmw-525/6764636361.html,6764636361,2018-12-04 10:27,2006 bmw 525i,8700, excellent, WBANE53516CK90250, 6 cylinders, rwd, gas, 82000, white, full-size, clean, automatic, sedan
https://orangecounty.craigslist.org/cto/d/2007-minni-cooper-6-speed-sport/6764636814.html,6764636814,2018-12-04 10:28,2007 mini cooper,5900, excellent, WMWMF735X7TL87775, 6 cylinders,, gas, 124000, grey,, clean, manual,
https://orangecounty.craigslist.org/cto/d/laguna-niguel-2007-ford-ranger/6774182903.html,6774182903,2018-12-16 12:54,2007 ford ranger,3800, good,, 4 cylinders, rwd, gas, 115000, white,, salvage, manual, pickup
https://orangecounty.craigslist.org/cto/d/laguna-niguel-bmw-535i-4-door-black/6774152737.html,6774152737,2018-12-16 12:14,2008 BMW 5 series 535i,7775, excellent,, 6 cylinders, fwd, gas, 138000, black, full-size, clean, automatic, sedan
https://orangecounty.craigslist.org/cto/d/dana-point-2012-porsche-panamera/6756735234.html,6756735234,2018-11-24 16:37,2012 porsche panamera,29000, excellent, WP0AA2A77CL070722, 6 cylinders,, gas, 80500, white,, clean, automatic,
https://orangecounty.craigslist.org/cto/d/dana-point-2017-chevy-silverado-1500-lt/6773885168.html,6773885168,2018-12-16 05:35,2017 Chevrolet Silverado 1500 LT,32900, like new, 3GCPCREC4HG117861, 8 cylinders, rwd, gas, 21000, black, full-size, clean, automatic, pickup
